Store,Year,Cluster,Name,Value
S0001,2015,3,Sum_Dry_Grocery,10845787.65
S0001,2015,3,Sum_Dairy,2423389.38
S0001,2015,3,Sum_Frozen_Food,1814872.88
S0001,2015,3,Sum_Meat,2531382.34
S0001,2015,3,Sum_Produce,2284388.7
S0001,2015,3,Sum_Floral,159142.23
S0001,2015,3,Sum_Deli,1023812.9
S0001,2015,3,Sum_Bakery,835599.06
S0001,2015,3,Sum_General_Merchandise,1590570.68
S0001,2015,3,Total,23508945.82
S0001,2015,3,Address,1000 W El Norte Pkwy
S0001,2015,3,City,Escondido
S0001,2015,3,State,CA
S0001,2015,3,Zip,92027
S0001,2015,3,Type,Existing
S0002,2015,3,Sum_Dry_Grocery,7931072.94
S0002,2015,3,Sum_Dairy,1844188.83
S0002,2015,3,Sum_Frozen_Food,1366677.52
S0002,2015,3,Sum_Meat,1991807.66
S0002,2015,3,Sum_Produce,1755293.15
S0002,2015,3,Sum_Floral,128935.92
S0002,2015,3,Sum_Deli,689786.42
S0002,2015,3,Sum_Bakery,514864.68
S0002,2015,3,Sum_General_Merchandise,1111992.45
S0002,2015,3,Total,17334619.57
S0002,2015,3,Address,12419 Woodside Ave
S0002,2015,3,City,Lakeside
S0002,2015,3,State,CA
S0002,2015,3,Zip,92040
S0002,2015,3,Type,Existing
S0003,2015,2,Sum_Dry_Grocery,12741875.44
S0003,2015,2,Sum_Dairy,3095321.58
S0003,2015,2,Sum_Frozen_Food,2087437.15
S0003,2015,2,Sum_Meat,3468989.12
S0003,2015,2,Sum_Produce,3792143.03
S0003,2015,2,Sum_Floral,291259.69
S0003,2015,2,Sum_Deli,1262874.27
S0003,2015,2,Sum_Bakery,1091930.44
S0003,2015,2,Sum_General_Merchandise,2408831.27
S0003,2015,2,Total,30240661.99
S0003,2015,2,Address,1342 N Alvarado St
S0003,2015,2,City,Los Angeles
S0003,2015,2,State,CA
S0003,2015,2,Zip,90026
S0003,2015,2,Type,Existing
S0004,2015,3,Sum_Dry_Grocery,12688533.89
S0004,2015,3,Sum_Dairy,2710746.38
S0004,2015,3,Sum_Frozen_Food,2240847.44
S0004,2015,3,Sum_Meat,3565375.84
S0004,2015,3,Sum_Produce,2802811.88
S0004,2015,3,Sum_Floral,170822.64
S0004,2015,3,Sum_Deli,1166388.77
S0004,2015,3,Sum_Bakery,962155.820000001
S0004,2015,3,Sum_General_Merchandise,1606208.31
S0004,2015,3,Total,27913890.97
S0004,2015,3,Address,671 S Rancho Santa Fe Rd
S0004,2015,3,City,San Marcos
S0004,2015,3,State,CA
S0004,2015,3,Zip,92078
S0004,2015,3,Type,Existing
S0005,2015,2,Sum_Dry_Grocery,12248085.57
S0005,2015,2,Sum_Dairy,2957003.74
S0005,2015,2,Sum_Frozen_Food,2402445.89
S0005,2015,2,Sum_Meat,2834435.52
S0005,2015,2,Sum_Produce,3648309.02
S0005,2015,2,Sum_Floral,247017.36
S0005,2015,2,Sum_Deli,984736.25
S0005,2015,2,Sum_Bakery,629055.94
S0005,2015,2,Sum_General_Merchandise,1874796.88
S0005,2015,2,Total,27825886.17
S0005,2015,2,Address,1430 S Fairfax Ave
S0005,2015,2,City,Los Angeles
S0005,2015,2,State,CA
S0005,2015,2,Zip,90019
S0005,2015,2,Type,Existing
S0006,2015,3,Sum_Dry_Grocery,15921985.74
S0006,2015,3,Sum_Dairy,3414385.76
S0006,2015,3,Sum_Frozen_Food,2577624.88
S0006,2015,3,Sum_Meat,3702008.49
S0006,2015,3,Sum_Produce,3524245.59
S0006,2015,3,Sum_Floral,286180.46
S0006,2015,3,Sum_Deli,1603464.11
S0006,2015,3,Sum_Bakery,1226324.72
S0006,2015,3,Sum_General_Merchandise,2369201.12
S0006,2015,3,Total,34625420.87
S0006,2015,3,Address,9643 Mission Gorge Rd
S0006,2015,3,City,Santee
S0006,2015,3,State,CA
S0006,2015,3,Zip,92071
S0006,2015,3,Type,Existing
S0007,2015,3,Sum_Dry_Grocery,13644163.44
S0007,2015,3,Sum_Dairy,3152200.12
S0007,2015,3,Sum_Frozen_Food,2752056.93
S0007,2015,3,Sum_Meat,3553409
S0007,2015,3,Sum_Produce,3192688.95
S0007,2015,3,Sum_Floral,241915.18
S0007,2015,3,Sum_Deli,1428888.69
S0007,2015,3,Sum_Bakery,931336.009999999
S0007,2015,3,Sum_General_Merchandise,1966428.99
S0007,2015,3,Total,30863087.31
S0007,2015,3,Address,820 Arneill Rd
S0007,2015,3,City,Camarillo
S0007,2015,3,State,CA
S0007,2015,3,Zip,93010
S0007,2015,3,Type,Existing
S0008,2015,2,Sum_Dry_Grocery,12503176.41
S0008,2015,2,Sum_Dairy,3173008.04
S0008,2015,2,Sum_Frozen_Food,2343931.3
S0008,2015,2,Sum_Meat,3118893.04
S0008,2015,2,Sum_Produce,3609692.16
S0008,2015,2,Sum_Floral,229334.44
S0008,2015,2,Sum_Deli,951990.47
S0008,2015,2,Sum_Bakery,653608.200000001
S0008,2015,2,Sum_General_Merchandise,2598245.71
S0008,2015,2,Total,29181879.77
S0008,2015,2,Address,3461 W 3rd St
S0008,2015,2,City,Los Angeles
S0008,2015,2,State,CA
S0008,2015,2,Zip,90020
S0008,2015,2,Type,Existing
S0009,2015,3,Sum_Dry_Grocery,17990212.13
S0009,2015,3,Sum_Dairy,4083162.02
S0009,2015,3,Sum_Frozen_Food,3134343.14
S0009,2015,3,Sum_Meat,4837013.88
S0009,2015,3,Sum_Produce,4210541.86
S0009,2015,3,Sum_Floral,296476.2
S0009,2015,3,Sum_Deli,1798155.15
S0009,2015,3,Sum_Bakery,1047732.42
S0009,2015,3,Sum_General_Merchandise,3280983.51
S0009,2015,3,Total,40678620.31
S0009,2015,3,Address,4033 W Avenue L
S0009,2015,3,City,Lancaster
S0009,2015,3,State,CA
S0009,2015,3,Zip,93536
S0009,2015,3,Type,Existing
S0010,2015,2,Sum_Dry_Grocery,9364058.9
S0010,2015,2,Sum_Dairy,2495117.23
S0010,2015,2,Sum_Frozen_Food,1743731.4
S0010,2015,2,Sum_Meat,2325539.02
S0010,2015,2,Sum_Produce,2639823.51
S0010,2015,2,Sum_Floral,225352.37
S0010,2015,2,Sum_Deli,805192.95
S0010,2015,2,Sum_Bakery,825864.13
S0010,2015,2,Sum_General_Merchandise,1279248.61
S0010,2015,2,Total,21703928.12
S0010,2015,2,Address,1040 Coast Village Rd
S0010,2015,2,City,Montecito
S0010,2015,2,State,CA
S0010,2015,2,Zip,93108
S0010,2015,2,Type,Existing
S0011,2015,3,Sum_Dry_Grocery,10163008.45
S0011,2015,3,Sum_Dairy,2104841.34
S0011,2015,3,Sum_Frozen_Food,1609834.78
S0011,2015,3,Sum_Meat,2719787.7
S0011,2015,3,Sum_Produce,2205228.62
S0011,2015,3,Sum_Floral,176845.1
S0011,2015,3,Sum_Deli,1091045.18
S0011,2015,3,Sum_Bakery,726534.57
S0011,2015,3,Sum_General_Merchandise,1598547.88
S0011,2015,3,Total,22395673.62
S0011,2015,3,Address,3251 De Forest Cir Ste A
S0011,2015,3,City,Mira Loma
S0011,2015,3,State,CA
S0011,2015,3,Zip,91752
S0011,2015,3,Type,Existing
S0012,2015,1,Sum_Dry_Grocery,22920867.6
S0012,2015,1,Sum_Dairy,4784134.92
S0012,2015,1,Sum_Frozen_Food,3657381.26
S0012,2015,1,Sum_Meat,5626478.83
S0012,2015,1,Sum_Produce,4639016.01
S0012,2015,1,Sum_Floral,335699.97
S0012,2015,1,Sum_Deli,2216645.21
S0012,2015,1,Sum_Bakery,914460.49
S0012,2015,1,Sum_General_Merchandise,4091856.84
S0012,2015,1,Total,49186541.13
S0012,2015,1,Address,1124 W Ocean Ave
S0012,2015,1,City,Lompoc
S0012,2015,1,State,CA
S0012,2015,1,Zip,93436
S0012,2015,1,Type,Existing
S0013,2015,1,Sum_Dry_Grocery,17451783.56
S0013,2015,1,Sum_Dairy,3553516.21
S0013,2015,1,Sum_Frozen_Food,2951489.37
S0013,2015,1,Sum_Meat,4467174.88
S0013,2015,1,Sum_Produce,3629467.14
S0013,2015,1,Sum_Floral,309895.27
S0013,2015,1,Sum_Deli,1812614.94
S0013,2015,1,Sum_Bakery,1342741.95
S0013,2015,1,Sum_General_Merchandise,3650467.09
S0013,2015,1,Total,39169150.41
S0013,2015,1,Address,3520 Riverside Plaza Dr
S0013,2015,1,City,Riverside
S0013,2015,1,State,CA
S0013,2015,1,Zip,92506
S0013,2015,1,Type,Existing
S0014,2015,1,Sum_Dry_Grocery,13770222.43
S0014,2015,1,Sum_Dairy,3029633.62
S0014,2015,1,Sum_Frozen_Food,2391810.25
S0014,2015,1,Sum_Meat,3058413.55
S0014,2015,1,Sum_Produce,3311035.35
S0014,2015,1,Sum_Floral,330321.91
S0014,2015,1,Sum_Deli,1082305.37
S0014,2015,1,Sum_Bakery,636768.63
S0014,2015,1,Sum_General_Merchandise,3377451.51
S0014,2015,1,Total,30987962.62
S0014,2015,1,Address,3901 Portola Pkwy
S0014,2015,1,City,Irvine
S0014,2015,1,State,CA
S0014,2015,1,Zip,92620
S0014,2015,1,Type,Existing
S0015,2015,1,Sum_Dry_Grocery,16733288.07
S0015,2015,1,Sum_Dairy,3689264.26
S0015,2015,1,Sum_Frozen_Food,2908692.42
S0015,2015,1,Sum_Meat,3735002.13
S0015,2015,1,Sum_Produce,3921200.02
S0015,2015,1,Sum_Floral,287081.34
S0015,2015,1,Sum_Deli,1306527.72
S0015,2015,1,Sum_Bakery,937785.14
S0015,2015,1,Sum_General_Merchandise,3834916.56
S0015,2015,1,Total,37353757.66
S0015,2015,1,Address,10675 Scripps Poway Pkwy
S0015,2015,1,City,San Diego
S0015,2015,1,State,CA
S0015,2015,1,Zip,92131
S0015,2015,1,Type,Existing
S0016,2015,3,Sum_Dry_Grocery,11144879.86
S0016,2015,3,Sum_Dairy,2135270.92
S0016,2015,3,Sum_Frozen_Food,1823002.86
S0016,2015,3,Sum_Meat,2570843.14
S0016,2015,3,Sum_Produce,2065999.38
S0016,2015,3,Sum_Floral,145993.89
S0016,2015,3,Sum_Deli,1075451.66
S0016,2015,3,Sum_Bakery,670693.26
S0016,2015,3,Sum_General_Merchandise,1720661.82
S0016,2015,3,Total,23352796.79
S0016,2015,3,Address,1201 Avocado Ave
S0016,2015,3,City,El Cajon
S0016,2015,3,State,CA
S0016,2015,3,Zip,92020
S0016,2015,3,Type,Existing
S0017,2015,2,Sum_Dry_Grocery,13818627.34
S0017,2015,2,Sum_Dairy,3158295.28
S0017,2015,2,Sum_Frozen_Food,2484711.41
S0017,2015,2,Sum_Meat,3081529.14
S0017,2015,2,Sum_Produce,4215854.25
S0017,2015,2,Sum_Floral,422332.61
S0017,2015,2,Sum_Deli,1288667.35
S0017,2015,2,Sum_Bakery,890682.47
S0017,2015,2,Sum_General_Merchandise,2180252.8
S0017,2015,2,Total,31540952.65
S0017,2015,2,Address,30252 Crown Valley Pkwy
S0017,2015,2,City,Laguna Niguel
S0017,2015,2,State,CA
S0017,2015,2,Zip,92677
S0017,2015,2,Type,Existing
S0018,2015,3,Sum_Dry_Grocery,10994579.22
S0018,2015,3,Sum_Dairy,2399399.79
S0018,2015,3,Sum_Frozen_Food,1918423.17
S0018,2015,3,Sum_Meat,2575042.16
S0018,2015,3,Sum_Produce,2646907.99
S0018,2015,3,Sum_Floral,226217.15
S0018,2015,3,Sum_Deli,1044561.79
S0018,2015,3,Sum_Bakery,848925.03
S0018,2015,3,Sum_General_Merchandise,1624673.09
S0018,2015,3,Total,24278729.39
S0018,2015,3,Address,10001 Paramount Blvd
S0018,2015,3,City,Downey
S0018,2015,3,State,CA
S0018,2015,3,Zip,90240
S0018,2015,3,Type,Existing
S0019,2015,1,Sum_Dry_Grocery,9500819.34
S0019,2015,1,Sum_Dairy,1918345.51
S0019,2015,1,Sum_Frozen_Food,1532868.24
S0019,2015,1,Sum_Meat,2197008.49
S0019,2015,1,Sum_Produce,1865858.21
S0019,2015,1,Sum_Floral,113276.66
S0019,2015,1,Sum_Deli,638836.560000001
S0019,2015,1,Sum_Bakery,385628.7
S0019,2015,1,Sum_General_Merchandise,1529502.66
S0019,2015,1,Total,19682144.37
S0019,2015,1,Address,17390 Main St
S0019,2015,1,City,Hesperia
S0019,2015,1,State,CA
S0019,2015,1,Zip,92345
S0019,2015,1,Type,Existing
S0020,2015,3,Sum_Dry_Grocery,10997288.18
S0020,2015,3,Sum_Dairy,2568277.53
S0020,2015,3,Sum_Frozen_Food,1866647.95
S0020,2015,3,Sum_Meat,2600090.68
S0020,2015,3,Sum_Produce,2615310
S0020,2015,3,Sum_Floral,201233.89
S0020,2015,3,Sum_Deli,914548.27
S0020,2015,3,Sum_Bakery,705612.78
S0020,2015,3,Sum_General_Merchandise,1501802.12
S0020,2015,3,Total,23970811.4
S0020,2015,3,Address,850 Linden Ave
S0020,2015,3,City,Carpinteria
S0020,2015,3,State,CA
S0020,2015,3,Zip,93013
S0020,2015,3,Type,Existing
S0021,2015,2,Sum_Dry_Grocery,9410854.64999999
S0021,2015,2,Sum_Dairy,2656706.22
S0021,2015,2,Sum_Frozen_Food,1879698.39
S0021,2015,2,Sum_Meat,1874153.33
S0021,2015,2,Sum_Produce,3217947.64
S0021,2015,2,Sum_Floral,194611.01
S0021,2015,2,Sum_Deli,795313.459999999
S0021,2015,2,Sum_Bakery,612390.49
S0021,2015,2,Sum_General_Merchandise,1100774.09
S0021,2015,2,Total,21742449.28
S0021,2015,2,Address,1311 Wilshire Blvd
S0021,2015,2,City,Santa Monica
S0021,2015,2,State,CA
S0021,2015,2,Zip,90403
S0021,2015,2,Type,Existing
S0022,2015,3,Sum_Dry_Grocery,13404375.38
S0022,2015,3,Sum_Dairy,2752887.18
S0022,2015,3,Sum_Frozen_Food,2163727.82
S0022,2015,3,Sum_Meat,3022688.81
S0022,2015,3,Sum_Produce,2625382.14
S0022,2015,3,Sum_Floral,246755.04
S0022,2015,3,Sum_Deli,1229095.06
S0022,2015,3,Sum_Bakery,970143.130000001
S0022,2015,3,Sum_General_Merchandise,2074377.15
S0022,2015,3,Total,28489431.71
S0022,2015,3,Address,13438 Poway Rd
S0022,2015,3,City,Poway
S0022,2015,3,State,CA
S0022,2015,3,Zip,92064
S0022,2015,3,Type,Existing
S0023,2015,2,Sum_Dry_Grocery,7723456.22999999
S0023,2015,2,Sum_Dairy,1921840.1
S0023,2015,2,Sum_Frozen_Food,1491504.46
S0023,2015,2,Sum_Meat,1938579.85
S0023,2015,2,Sum_Produce,1893525.06
S0023,2015,2,Sum_Floral,167752.48
S0023,2015,2,Sum_Deli,678086.29
S0023,2015,2,Sum_Bakery,640114.98
S0023,2015,2,Sum_General_Merchandise,1233253.09
S0023,2015,2,Total,17688112.54
S0023,2015,2,Address,5922 Edinger Ave
S0023,2015,2,City,Huntington Beach
S0023,2015,2,State,CA
S0023,2015,2,Zip,92649
S0023,2015,2,Type,Existing
S0024,2015,3,Sum_Dry_Grocery,11160900.76
S0024,2015,3,Sum_Dairy,2550573.86
S0024,2015,3,Sum_Frozen_Food,2014391.25
S0024,2015,3,Sum_Meat,2570942.73
S0024,2015,3,Sum_Produce,2709800.59
S0024,2015,3,Sum_Floral,132218.66
S0024,2015,3,Sum_Deli,1008674.17
S0024,2015,3,Sum_Bakery,562929.26
S0024,2015,3,Sum_General_Merchandise,1813070.15
S0024,2015,3,Total,24523501.43
S0024,2015,3,Address,15740 La Forge St
S0024,2015,3,City,Whittier
S0024,2015,3,State,CA
S0024,2015,3,Zip,90603
S0024,2015,3,Type,Existing
S0025,2015,3,Sum_Dry_Grocery,14470649.14
S0025,2015,3,Sum_Dairy,3278235.63
S0025,2015,3,Sum_Frozen_Food,2493889.08
S0025,2015,3,Sum_Meat,3286736.53
S0025,2015,3,Sum_Produce,3498500.3
S0025,2015,3,Sum_Floral,166116.52
S0025,2015,3,Sum_Deli,1324244.75
S0025,2015,3,Sum_Bakery,961693.58
S0025,2015,3,Sum_General_Merchandise,1838856.38
S0025,2015,3,Total,31318921.91
S0025,2015,3,Address,2684 N Tustin St
S0025,2015,3,City,Orange
S0025,2015,3,State,CA
S0025,2015,3,Zip,92865
S0025,2015,3,Type,Existing
S0026,2015,2,Sum_Dry_Grocery,9711806.15
S0026,2015,2,Sum_Dairy,2236359.26
S0026,2015,2,Sum_Frozen_Food,1664161.72
S0026,2015,2,Sum_Meat,2119542.42
S0026,2015,2,Sum_Produce,2411984.05
S0026,2015,2,Sum_Floral,176843.89
S0026,2015,2,Sum_Deli,799105.96
S0026,2015,2,Sum_Bakery,648571.84
S0026,2015,2,Sum_General_Merchandise,1451771.86
S0026,2015,2,Total,21220147.15
S0026,2015,2,Address,2039 Verdugo Blvd
S0026,2015,2,City,Montrose
S0026,2015,2,State,CA
S0026,2015,2,Zip,91020
S0026,2015,2,Type,Existing
S0027,2015,2,Sum_Dry_Grocery,11859562.08
S0027,2015,2,Sum_Dairy,2762018.81
S0027,2015,2,Sum_Frozen_Food,2061424.43
S0027,2015,2,Sum_Meat,2638827.83
S0027,2015,2,Sum_Produce,3511115.94
S0027,2015,2,Sum_Floral,431558.24
S0027,2015,2,Sum_Deli,789146.71
S0027,2015,2,Sum_Bakery,620490.05
S0027,2015,2,Sum_General_Merchandise,1876040.56
S0027,2015,2,Total,26550184.65
S0027,2015,2,Address,29211 Heathercliff Rd
S0027,2015,2,City,Malibu
S0027,2015,2,State,CA
S0027,2015,2,Zip,90265
S0027,2015,2,Type,Existing
S0028,2015,3,Sum_Dry_Grocery,7841593.17
S0028,2015,3,Sum_Dairy,1787154.37
S0028,2015,3,Sum_Frozen_Food,1366909.87
S0028,2015,3,Sum_Meat,2062508.92
S0028,2015,3,Sum_Produce,2017244.48
S0028,2015,3,Sum_Floral,61139.8299999999
S0028,2015,3,Sum_Deli,645670.38
S0028,2015,3,Sum_Bakery,521856.64
S0028,2015,3,Sum_General_Merchandise,1007023.92
S0028,2015,3,Total,17311101.58
S0028,2015,3,Address,24160 Lyons Ave
S0028,2015,3,City,Newhall
S0028,2015,3,State,CA
S0028,2015,3,Zip,91321
S0028,2015,3,Type,Existing
S0029,2015,1,Sum_Dry_Grocery,14829406.83
S0029,2015,1,Sum_Dairy,3341340.32
S0029,2015,1,Sum_Frozen_Food,2451973.11
S0029,2015,1,Sum_Meat,4420784.46
S0029,2015,1,Sum_Produce,3333528.94
S0029,2015,1,Sum_Floral,209019.35
S0029,2015,1,Sum_Deli,1440562.53
S0029,2015,1,Sum_Bakery,598927.39
S0029,2015,1,Sum_General_Merchandise,2981115.45
S0029,2015,1,Total,33606658.38
S0029,2015,1,Address,2058 W Avenue J
S0029,2015,1,City,Lancaster
S0029,2015,1,State,CA
S0029,2015,1,Zip,93534
S0029,2015,1,Type,Existing
S0030,2015,3,Sum_Dry_Grocery,11232100.21
S0030,2015,3,Sum_Dairy,2789061.75
S0030,2015,3,Sum_Frozen_Food,1805115.79
S0030,2015,3,Sum_Meat,2839990.86
S0030,2015,3,Sum_Produce,2965450.25
S0030,2015,3,Sum_Floral,211755.18
S0030,2015,3,Sum_Deli,1225710.44
S0030,2015,3,Sum_Bakery,779454.599999999
S0030,2015,3,Sum_General_Merchandise,1648698.92
S0030,2015,3,Total,25497338
S0030,2015,3,Address,3125 W Florida Ave
S0030,2015,3,City,Hemet
S0030,2015,3,State,CA
S0030,2015,3,Zip,92545
S0030,2015,3,Type,Existing
S0031,2015,1,Sum_Dry_Grocery,13344842.36
S0031,2015,1,Sum_Dairy,3014887.33
S0031,2015,1,Sum_Frozen_Food,2274456.12
S0031,2015,1,Sum_Meat,3304425.47
S0031,2015,1,Sum_Produce,2575738.86
S0031,2015,1,Sum_Floral,184062.48
S0031,2015,1,Sum_Deli,1133312.67
S0031,2015,1,Sum_Bakery,595091.290000001
S0031,2015,1,Sum_General_Merchandise,2842620.56
S0031,2015,1,Total,29269437.14
S0031,2015,1,Address,31564 Grape St
S0031,2015,1,City,Lake Elsinore
S0031,2015,1,State,CA
S0031,2015,1,Zip,92532
S0031,2015,1,Type,Existing
S0032,2015,1,Sum_Dry_Grocery,10839766.57
S0032,2015,1,Sum_Dairy,2277093.41
S0032,2015,1,Sum_Frozen_Food,1769568.5
S0032,2015,1,Sum_Meat,2797084.07
S0032,2015,1,Sum_Produce,2331785.09
S0032,2015,1,Sum_Floral,157300.51
S0032,2015,1,Sum_Deli,966854.670000001
S0032,2015,1,Sum_Bakery,567271.16
S0032,2015,1,Sum_General_Merchandise,2458833.29
S0032,2015,1,Total,24165557.27
S0032,2015,1,Address,16550 Soledad Canyon Rd
S0032,2015,1,City,Santa Clarita
S0032,2015,1,State,CA
S0032,2015,1,Zip,91351
S0032,2015,1,Type,Existing
S0033,2015,3,Sum_Dry_Grocery,14465006.19
S0033,2015,3,Sum_Dairy,3356605.45
S0033,2015,3,Sum_Frozen_Food,2631936.7
S0033,2015,3,Sum_Meat,3916347.08
S0033,2015,3,Sum_Produce,3730920.43
S0033,2015,3,Sum_Floral,296740.91
S0033,2015,3,Sum_Deli,1345068.95
S0033,2015,3,Sum_Bakery,923256.25
S0033,2015,3,Sum_General_Merchandise,2294605.79
S0033,2015,3,Total,32960487.75
S0033,2015,3,Address,11322 Los Alamitos Blvd
S0033,2015,3,City,Los Alamitos
S0033,2015,3,State,CA
S0033,2015,3,Zip,90720
S0033,2015,3,Type,Existing
S0034,2015,2,Sum_Dry_Grocery,13566943.93
S0034,2015,2,Sum_Dairy,3218941.92
S0034,2015,2,Sum_Frozen_Food,2562510.4
S0034,2015,2,Sum_Meat,3402503.03
S0034,2015,2,Sum_Produce,3561114.71
S0034,2015,2,Sum_Floral,362451.26
S0034,2015,2,Sum_Deli,1372806.13
S0034,2015,2,Sum_Bakery,902119.1
S0034,2015,2,Sum_General_Merchandise,2100665.64
S0034,2015,2,Total,31050056.12
S0034,2015,2,Address,1125 Maricopa Hwy
S0034,2015,2,City,Ojai
S0034,2015,2,State,CA
S0034,2015,2,Zip,93023
S0034,2015,2,Type,Existing
S0035,2015,3,Sum_Dry_Grocery,8525732.59
S0035,2015,3,Sum_Dairy,1856416.79
S0035,2015,3,Sum_Frozen_Food,1448285.37
S0035,2015,3,Sum_Meat,2243507.61
S0035,2015,3,Sum_Produce,1615522.5
S0035,2015,3,Sum_Floral,132984.09
S0035,2015,3,Sum_Deli,742343.57
S0035,2015,3,Sum_Bakery,537480.27
S0035,2015,3,Sum_General_Merchandise,1262948.38
S0035,2015,3,Total,18365221.17
S0035,2015,3,Address,81 W Foothill Blvd
S0035,2015,3,City,Upland
S0035,2015,3,State,CA
S0035,2015,3,Zip,91786
S0035,2015,3,Type,Existing
S0036,2015,1,Sum_Dry_Grocery,8814761.2
S0036,2015,1,Sum_Dairy,1687871.64
S0036,2015,1,Sum_Frozen_Food,1432261.65
S0036,2015,1,Sum_Meat,1795257.75
S0036,2015,1,Sum_Produce,1748605.79
S0036,2015,1,Sum_Floral,103705.82
S0036,2015,1,Sum_Deli,545124.18
S0036,2015,1,Sum_Bakery,283134.94
S0036,2015,1,Sum_General_Merchandise,1416381.48
S0036,2015,1,Total,17827104.45
S0036,2015,1,Address,33644 Yucaipa Blvd
S0036,2015,1,City,Yucaipa
S0036,2015,1,State,CA
S0036,2015,1,Zip,92399
S0036,2015,1,Type,Existing
S0037,2015,1,Sum_Dry_Grocery,13507345.36
S0037,2015,1,Sum_Dairy,3060559.9
S0037,2015,1,Sum_Frozen_Food,2410415.17
S0037,2015,1,Sum_Meat,3383050.92
S0037,2015,1,Sum_Produce,3562066.35
S0037,2015,1,Sum_Floral,256331.63
S0037,2015,1,Sum_Deli,1246123.74
S0037,2015,1,Sum_Bakery,635399.37
S0037,2015,1,Sum_General_Merchandise,3225658.13
S0037,2015,1,Total,31286950.57
S0037,2015,1,Address,4627 Carmel Mountain Rd
S0037,2015,1,City,San Diego
S0037,2015,1,State,CA
S0037,2015,1,Zip,92130
S0037,2015,1,Type,Existing
S0038,2015,3,Sum_Dry_Grocery,9122829.82
S0038,2015,3,Sum_Dairy,2227430.86
S0038,2015,3,Sum_Frozen_Food,1714191.72
S0038,2015,3,Sum_Meat,2453893.95
S0038,2015,3,Sum_Produce,2171273.05
S0038,2015,3,Sum_Floral,155092.65
S0038,2015,3,Sum_Deli,782759.5
S0038,2015,3,Sum_Bakery,593747.63
S0038,2015,3,Sum_General_Merchandise,1411229.41
S0038,2015,3,Total,20632448.59
S0038,2015,3,Address,5805 E Los Angeles Ave
S0038,2015,3,City,Simi Valley
S0038,2015,3,State,CA
S0038,2015,3,Zip,93063
S0038,2015,3,Type,Existing
S0039,2015,3,Sum_Dry_Grocery,9669474.43000001
S0039,2015,3,Sum_Dairy,2328789.52
S0039,2015,3,Sum_Frozen_Food,1581216.99
S0039,2015,3,Sum_Meat,2939723.13
S0039,2015,3,Sum_Produce,1579637.47
S0039,2015,3,Sum_Floral,147463.34
S0039,2015,3,Sum_Deli,758905.04
S0039,2015,3,Sum_Bakery,1010486.17
S0039,2015,3,Sum_General_Merchandise,1345626.92
S0039,2015,3,Total,21361323.01
S0039,2015,3,Address,1221 S Gaffey St
S0039,2015,3,City,San Pedro
S0039,2015,3,State,CA
S0039,2015,3,Zip,90731
S0039,2015,3,Type,Existing
S0040,2015,1,Sum_Dry_Grocery,16073815.58
S0040,2015,1,Sum_Dairy,3677680.76
S0040,2015,1,Sum_Frozen_Food,2788687.32
S0040,2015,1,Sum_Meat,4769599.23
S0040,2015,1,Sum_Produce,4543001.51
S0040,2015,1,Sum_Floral,299539.75
S0040,2015,1,Sum_Deli,1464123.59
S0040,2015,1,Sum_Bakery,700204.9
S0040,2015,1,Sum_General_Merchandise,2709070.05
S0040,2015,1,Total,37025722.69
S0040,2015,1,Address,4550 Atlantic Ave
S0040,2015,1,City,Long Beach
S0040,2015,1,State,CA
S0040,2015,1,Zip,90807
S0040,2015,1,Type,Existing
S0041,2015,3,Sum_Dry_Grocery,11674107.53
S0041,2015,3,Sum_Dairy,2674726.45
S0041,2015,3,Sum_Frozen_Food,2087500.74
S0041,2015,3,Sum_Meat,2595859.27
S0041,2015,3,Sum_Produce,2402327.77
S0041,2015,3,Sum_Floral,172803.28
S0041,2015,3,Sum_Deli,1261126.41
S0041,2015,3,Sum_Bakery,705443.21
S0041,2015,3,Sum_General_Merchandise,1693623.67
S0041,2015,3,Total,25267518.33
S0041,2015,3,Address,12801 Excelsior Dr
S0041,2015,3,City,Santa Fe Springs
S0041,2015,3,State,CA
S0041,2015,3,Zip,90670
S0041,2015,3,Type,Existing
S0042,2015,3,Sum_Dry_Grocery,18881880.24
S0042,2015,3,Sum_Dairy,4006812.63
S0042,2015,3,Sum_Frozen_Food,3217344.18
S0042,2015,3,Sum_Meat,4719220.8
S0042,2015,3,Sum_Produce,3843105.62
S0042,2015,3,Sum_Floral,238829.76
S0042,2015,3,Sum_Deli,1884916.5
S0042,2015,3,Sum_Bakery,1159185.22
S0042,2015,3,Sum_General_Merchandise,2410507.99
S0042,2015,3,Total,40361802.94
S0042,2015,3,Address,13439 Camino Canada
S0042,2015,3,City,El Cajon
S0042,2015,3,State,CA
S0042,2015,3,Zip,92021
S0042,2015,3,Type,Existing
S0043,2015,2,Sum_Dry_Grocery,12162194.78
S0043,2015,2,Sum_Dairy,2791583.6
S0043,2015,2,Sum_Frozen_Food,2218720.2
S0043,2015,2,Sum_Meat,2890792.8
S0043,2015,2,Sum_Produce,3136766.86
S0043,2015,2,Sum_Floral,231556.75
S0043,2015,2,Sum_Deli,1021871.91
S0043,2015,2,Sum_Bakery,690136.36
S0043,2015,2,Sum_General_Merchandise,2014870.32
S0043,2015,2,Total,27158493.58
S0043,2015,2,Address,2048 E Avenida De Los Arboles
S0043,2015,2,City,Thousand Oaks
S0043,2015,2,State,CA
S0043,2015,2,Zip,91360
S0043,2015,2,Type,Existing
S0044,2015,3,Sum_Dry_Grocery,15772314.51
S0044,2015,3,Sum_Dairy,3562553.91
S0044,2015,3,Sum_Frozen_Food,2715622.41
S0044,2015,3,Sum_Meat,4481645.11
S0044,2015,3,Sum_Produce,3735116.20000001
S0044,2015,3,Sum_Floral,201122.97
S0044,2015,3,Sum_Deli,1456372.17
S0044,2015,3,Sum_Bakery,1316636.75
S0044,2015,3,Sum_General_Merchandise,2290881.67
S0044,2015,3,Total,35532265.7
S0044,2015,3,Address,7789 Foothill Blvd
S0044,2015,3,City,Tujunga
S0044,2015,3,State,CA
S0044,2015,3,Zip,91042
S0044,2015,3,Type,Existing
S0045,2015,1,Sum_Dry_Grocery,18821234.56
S0045,2015,1,Sum_Dairy,4354423.4
S0045,2015,1,Sum_Frozen_Food,3546379.18
S0045,2015,1,Sum_Meat,3883710.16
S0045,2015,1,Sum_Produce,4446110.8
S0045,2015,1,Sum_Floral,394119.27
S0045,2015,1,Sum_Deli,1637901.97
S0045,2015,1,Sum_Bakery,952974.540000001
S0045,2015,1,Sum_General_Merchandise,4267237.08
S0045,2015,1,Total,42304090.96
S0045,2015,1,Address,6351 Haven Ave
S0045,2015,1,City,Rancho Cucamonga
S0045,2015,1,State,CA
S0045,2015,1,Zip,91737
S0045,2015,1,Type,Existing
S0046,2015,2,Sum_Dry_Grocery,17883061.14
S0046,2015,2,Sum_Dairy,4373298.18
S0046,2015,2,Sum_Frozen_Food,3320714.19
S0046,2015,2,Sum_Meat,4574109.64
S0046,2015,2,Sum_Produce,5002506.61
S0046,2015,2,Sum_Floral,443995.32
S0046,2015,2,Sum_Deli,1607814.64
S0046,2015,2,Sum_Bakery,1209799.41
S0046,2015,2,Sum_General_Merchandise,3893486.6
S0046,2015,2,Total,42308785.73
S0046,2015,2,Address,1820 Ximeno Ave
S0046,2015,2,City,Long Beach
S0046,2015,2,State,CA
S0046,2015,2,Zip,90815
S0046,2015,2,Type,Existing
S0047,2015,1,Sum_Dry_Grocery,20130418.28
S0047,2015,1,Sum_Dairy,4359082.65
S0047,2015,1,Sum_Frozen_Food,3644785.09
S0047,2015,1,Sum_Meat,4807596.71
S0047,2015,1,Sum_Produce,4593568.85
S0047,2015,1,Sum_Floral,380905.05
S0047,2015,1,Sum_Deli,1727800.92
S0047,2015,1,Sum_Bakery,936433.169999999
S0047,2015,1,Sum_General_Merchandise,4516050.58
S0047,2015,1,Total,45096641.3
S0047,2015,1,Address,4200 Chino Hills Pkwy Ste 400
S0047,2015,1,City,Chino Hills
S0047,2015,1,State,CA
S0047,2015,1,Zip,91709
S0047,2015,1,Type,Existing
S0048,2015,1,Sum_Dry_Grocery,15351829.53
S0048,2015,1,Sum_Dairy,3431379.41
S0048,2015,1,Sum_Frozen_Food,2843183.47
S0048,2015,1,Sum_Meat,3562316.55
S0048,2015,1,Sum_Produce,3440749.53
S0048,2015,1,Sum_Floral,331411.22
S0048,2015,1,Sum_Deli,1338514.34
S0048,2015,1,Sum_Bakery,924731.52
S0048,2015,1,Sum_General_Merchandise,3560088.01
S0048,2015,1,Total,34784203.58
S0048,2015,1,Address,845 College Blvd
S0048,2015,1,City,Oceanside
S0048,2015,1,State,CA
S0048,2015,1,Zip,92057
S0048,2015,1,Type,Existing
S0049,2015,2,Sum_Dry_Grocery,10022010.28
S0049,2015,2,Sum_Dairy,2424017.45
S0049,2015,2,Sum_Frozen_Food,2025935.33
S0049,2015,2,Sum_Meat,2122030.11
S0049,2015,2,Sum_Produce,2510813.07
S0049,2015,2,Sum_Floral,231099.48
S0049,2015,2,Sum_Deli,940397.14
S0049,2015,2,Sum_Bakery,698494.12
S0049,2015,2,Sum_General_Merchandise,1523808.91
S0049,2015,2,Total,22498605.89
S0049,2015,2,Address,550 E 1st St
S0049,2015,2,City,Tustin
S0049,2015,2,State,CA
S0049,2015,2,Zip,92780
S0049,2015,2,Type,Existing
S0050,2015,2,Sum_Dry_Grocery,18904924.18
S0050,2015,2,Sum_Dairy,4604837.64
S0050,2015,2,Sum_Frozen_Food,3654389.92
S0050,2015,2,Sum_Meat,4286193.57
S0050,2015,2,Sum_Produce,6382729.42
S0050,2015,2,Sum_Floral,654293.36
S0050,2015,2,Sum_Deli,1635272.62
S0050,2015,2,Sum_Bakery,921487.02
S0050,2015,2,Sum_General_Merchandise,2895084.11
S0050,2015,2,Total,43939211.84
S0050,2015,2,Address,7 Peninsula Ctr
S0050,2015,2,City,Rolling Hills Estates
S0050,2015,2,State,CA
S0050,2015,2,Zip,90274
S0050,2015,2,Type,Existing
S0051,2015,2,Sum_Dry_Grocery,14858870.69
S0051,2015,2,Sum_Dairy,3404191.04
S0051,2015,2,Sum_Frozen_Food,2738386.27
S0051,2015,2,Sum_Meat,2877653.86
S0051,2015,2,Sum_Produce,3917645.91
S0051,2015,2,Sum_Floral,271433.73
S0051,2015,2,Sum_Deli,1250997.7
S0051,2015,2,Sum_Bakery,1026703.85
S0051,2015,2,Sum_General_Merchandise,2015389.09
S0051,2015,2,Total,32361272.14
S0051,2015,2,Address,26022 Marguerite Pkwy
S0051,2015,2,City,Mission Viejo
S0051,2015,2,State,CA
S0051,2015,2,Zip,92692
S0051,2015,2,Type,Existing
S0052,2015,2,Sum_Dry_Grocery,19906352.86
S0052,2015,2,Sum_Dairy,4440704.91
S0052,2015,2,Sum_Frozen_Food,3420423.44
S0052,2015,2,Sum_Meat,5136574.65
S0052,2015,2,Sum_Produce,6637175.18
S0052,2015,2,Sum_Floral,734241.050000001
S0052,2015,2,Sum_Deli,1987478.38
S0052,2015,2,Sum_Bakery,1153010.85
S0052,2015,2,Sum_General_Merchandise,3571911.99
S0052,2015,2,Total,46987873.31
S0052,2015,2,Address,635 Foothill Blvd
S0052,2015,2,City,La Canada
S0052,2015,2,State,CA
S0052,2015,2,Zip,91011
S0052,2015,2,Type,Existing
S0053,2015,3,Sum_Dry_Grocery,14581530.55
S0053,2015,3,Sum_Dairy,3130532.88
S0053,2015,3,Sum_Frozen_Food,2313704.13
S0053,2015,3,Sum_Meat,3715695.89
S0053,2015,3,Sum_Produce,2745412.25
S0053,2015,3,Sum_Floral,201233.77
S0053,2015,3,Sum_Deli,1447634.62
S0053,2015,3,Sum_Bakery,860645.189999999
S0053,2015,3,Sum_General_Merchandise,1901166.71
S0053,2015,3,Total,30897555.99
S0053,2015,3,Address,750 N Imperial Ave
S0053,2015,3,City,El Centro
S0053,2015,3,State,CA
S0053,2015,3,Zip,92243
S0053,2015,3,Type,Existing
S0054,2015,3,Sum_Dry_Grocery,17026101.04
S0054,2015,3,Sum_Dairy,3989612.16
S0054,2015,3,Sum_Frozen_Food,3149861.69
S0054,2015,3,Sum_Meat,4164490.16
S0054,2015,3,Sum_Produce,4386911.15
S0054,2015,3,Sum_Floral,309659.41
S0054,2015,3,Sum_Deli,1673337.82
S0054,2015,3,Sum_Bakery,1146805.78
S0054,2015,3,Sum_General_Merchandise,2423532.2
S0054,2015,3,Total,38270311.41
S0054,2015,3,Address,2938 Tapo Canyon Rd
S0054,2015,3,City,Simi Valley
S0054,2015,3,State,CA
S0054,2015,3,Zip,93063
S0054,2015,3,Type,Existing
S0055,2015,1,Sum_Dry_Grocery,19088095.08
S0055,2015,1,Sum_Dairy,3736021.51
S0055,2015,1,Sum_Frozen_Food,3173059.07
S0055,2015,1,Sum_Meat,3847038.75
S0055,2015,1,Sum_Produce,4400262.02
S0055,2015,1,Sum_Floral,225703.13
S0055,2015,1,Sum_Deli,1465620.42
S0055,2015,1,Sum_Bakery,639279.85
S0055,2015,1,Sum_General_Merchandise,2427596.17
S0055,2015,1,Total,39002676
S0055,2015,1,Address,330 W El Norte Pkwy
S0055,2015,1,City,Escondido
S0055,2015,1,State,CA
S0055,2015,1,Zip,92026
S0055,2015,1,Type,Existing
S0056,2015,2,Sum_Dry_Grocery,10391159.07
S0056,2015,2,Sum_Dairy,2549257.22
S0056,2015,2,Sum_Frozen_Food,1884567.75
S0056,2015,2,Sum_Meat,1907090.37
S0056,2015,2,Sum_Produce,2572158.37
S0056,2015,2,Sum_Floral,176842.67
S0056,2015,2,Sum_Deli,592394.16
S0056,2015,2,Sum_Bakery,490284.11
S0056,2015,2,Sum_General_Merchandise,1248561.77
S0056,2015,2,Total,21812315.49
S0056,2015,2,Address,32401 Camino Capistrano
S0056,2015,2,City,San Juan Capistrano
S0056,2015,2,State,CA
S0056,2015,2,Zip,92675
S0056,2015,2,Type,Existing
S0057,2015,3,Sum_Dry_Grocery,14653637.31
S0057,2015,3,Sum_Dairy,3251575.4
S0057,2015,3,Sum_Frozen_Food,2519485.1
S0057,2015,3,Sum_Meat,4931545.65
S0057,2015,3,Sum_Produce,3587804.57
S0057,2015,3,Sum_Floral,196213.47
S0057,2015,3,Sum_Deli,1656800.49
S0057,2015,3,Sum_Bakery,592246.87
S0057,2015,3,Sum_General_Merchandise,2057046.97
S0057,2015,3,Total,33446355.83
S0057,2015,3,Address,500 E Manchester Blvd
S0057,2015,3,City,Inglewood
S0057,2015,3,State,CA
S0057,2015,3,Zip,90301
S0057,2015,3,Type,Existing
S0058,2015,3,Sum_Dry_Grocery,13413628.73
S0058,2015,3,Sum_Dairy,2897466.58
S0058,2015,3,Sum_Frozen_Food,2305301.28
S0058,2015,3,Sum_Meat,2962731.37
S0058,2015,3,Sum_Produce,2897813.17
S0058,2015,3,Sum_Floral,240267.69
S0058,2015,3,Sum_Deli,1378425.27
S0058,2015,3,Sum_Bakery,860880.03
S0058,2015,3,Sum_General_Merchandise,1909961
S0058,2015,3,Total,28866475.12
S0058,2015,3,Address,1855 Cochran St
S0058,2015,3,City,Simi Valley
S0058,2015,3,State,CA
S0058,2015,3,Zip,93065
S0058,2015,3,Type,Existing
S0059,2015,1,Sum_Dry_Grocery,12462807.04
S0059,2015,1,Sum_Dairy,2807123.52
S0059,2015,1,Sum_Frozen_Food,2101484.93
S0059,2015,1,Sum_Meat,3404045.88
S0059,2015,1,Sum_Produce,3490732.83
S0059,2015,1,Sum_Floral,214102.63
S0059,2015,1,Sum_Deli,1259971.75
S0059,2015,1,Sum_Bakery,829482.95
S0059,2015,1,Sum_General_Merchandise,2417121.15
S0059,2015,1,Total,28986872.68
S0059,2015,1,Address,950 N 2nd St
S0059,2015,1,City,El Cajon
S0059,2015,1,State,CA
S0059,2015,1,Zip,92021
S0059,2015,1,Type,Existing
S0060,2015,3,Sum_Dry_Grocery,15688606.94
S0060,2015,3,Sum_Dairy,3555148.75
S0060,2015,3,Sum_Frozen_Food,2872841.23
S0060,2015,3,Sum_Meat,3998911.1
S0060,2015,3,Sum_Produce,3516216.8
S0060,2015,3,Sum_Floral,366568.84
S0060,2015,3,Sum_Deli,1452109.14
S0060,2015,3,Sum_Bakery,902494.46
S0060,2015,3,Sum_General_Merchandise,2533936.38
S0060,2015,3,Total,34886833.64
S0060,2015,3,Address,351 W Felicita Ave
S0060,2015,3,City,Escondido
S0060,2015,3,State,CA
S0060,2015,3,Zip,92025
S0060,2015,3,Type,Existing
S0061,2015,3,Sum_Dry_Grocery,19352651.46
S0061,2015,3,Sum_Dairy,4461770.11
S0061,2015,3,Sum_Frozen_Food,3095090.85
S0061,2015,3,Sum_Meat,4923658.91
S0061,2015,3,Sum_Produce,4329100.12
S0061,2015,3,Sum_Floral,244877.13
S0061,2015,3,Sum_Deli,2074325.81
S0061,2015,3,Sum_Bakery,1243333.02
S0061,2015,3,Sum_General_Merchandise,2297763.31
S0061,2015,3,Total,42022570.72
S0061,2015,3,Address,57590 29 Palms Hys
S0061,2015,3,City,Yucca Valley
S0061,2015,3,State,CA
S0061,2015,3,Zip,92284
S0061,2015,3,Type,Existing
S0062,2015,1,Sum_Dry_Grocery,12248028.87
S0062,2015,1,Sum_Dairy,2577226.39
S0062,2015,1,Sum_Frozen_Food,2079239.8
S0062,2015,1,Sum_Meat,2442931.82
S0062,2015,1,Sum_Produce,2882942.49
S0062,2015,1,Sum_Floral,151167.25
S0062,2015,1,Sum_Deli,1062596.06
S0062,2015,1,Sum_Bakery,559885.62
S0062,2015,1,Sum_General_Merchandise,2060781.69
S0062,2015,1,Total,26064799.99
S0062,2015,1,Address,11800 De Palma Rd
S0062,2015,1,City,Corona
S0062,2015,1,State,CA
S0062,2015,1,Zip,92883
S0062,2015,1,Type,Existing
S0063,2015,2,Sum_Dry_Grocery,8729367.81
S0063,2015,2,Sum_Dairy,2373881.9
S0063,2015,2,Sum_Frozen_Food,1771709.83
S0063,2015,2,Sum_Meat,2202671
S0063,2015,2,Sum_Produce,2822801.12
S0063,2015,2,Sum_Floral,193831.14
S0063,2015,2,Sum_Deli,623938.46
S0063,2015,2,Sum_Bakery,607220.75
S0063,2015,2,Sum_General_Merchandise,1518719.92
S0063,2015,2,Total,20844141.93
S0063,2015,2,Address,4520 W Sunset Blvd
S0063,2015,2,City,Los Angeles
S0063,2015,2,State,CA
S0063,2015,2,Zip,90028
S0063,2015,2,Type,Existing
S0064,2015,2,Sum_Dry_Grocery,9975297.43000001
S0064,2015,2,Sum_Dairy,2452825.8
S0064,2015,2,Sum_Frozen_Food,1630303.74
S0064,2015,2,Sum_Meat,2620448.72
S0064,2015,2,Sum_Produce,2806409.24
S0064,2015,2,Sum_Floral,218816.85
S0064,2015,2,Sum_Deli,906447.01
S0064,2015,2,Sum_Bakery,1001406.81
S0064,2015,2,Sum_General_Merchandise,1242288.12
S0064,2015,2,Total,22854243.72
S0064,2015,2,Address,9119 Reseda Blvd
S0064,2015,2,City,Northridge
S0064,2015,2,State,CA
S0064,2015,2,Zip,91324
S0064,2015,2,Type,Existing
S0065,2015,2,Sum_Dry_Grocery,14548365.67
S0065,2015,2,Sum_Dairy,3709653.21
S0065,2015,2,Sum_Frozen_Food,2541375.39
S0065,2015,2,Sum_Meat,3903469.76
S0065,2015,2,Sum_Produce,4244599.91
S0065,2015,2,Sum_Floral,401274.129999999
S0065,2015,2,Sum_Deli,1339607.66
S0065,2015,2,Sum_Bakery,1073955.02
S0065,2015,2,Sum_General_Merchandise,2907880.44
S0065,2015,2,Total,34670181.19
S0065,2015,2,Address,2340 Foothill Blvd
S0065,2015,2,City,La Verne
S0065,2015,2,State,CA
S0065,2015,2,Zip,91750
S0065,2015,2,Type,Existing
S0066,2015,1,Sum_Dry_Grocery,15930729.89
S0066,2015,1,Sum_Dairy,3513480.75
S0066,2015,1,Sum_Frozen_Food,2929476.99
S0066,2015,1,Sum_Meat,3732184.45
S0066,2015,1,Sum_Produce,3021856.3
S0066,2015,1,Sum_Floral,304719.87
S0066,2015,1,Sum_Deli,1410438.96
S0066,2015,1,Sum_Bakery,890801.23
S0066,2015,1,Sum_General_Merchandise,3572979.13
S0066,2015,1,Total,35306667.57
S0066,2015,1,Address,522 Orange St
S0066,2015,1,City,Redlands
S0066,2015,1,State,CA
S0066,2015,1,Zip,92374
S0066,2015,1,Type,Existing
S0067,2015,3,Sum_Dry_Grocery,13208481.87
S0067,2015,3,Sum_Dairy,2850178.02
S0067,2015,3,Sum_Frozen_Food,2323242.19
S0067,2015,3,Sum_Meat,3517290.99
S0067,2015,3,Sum_Produce,2926805.74
S0067,2015,3,Sum_Floral,171868.63
S0067,2015,3,Sum_Deli,1247766.13
S0067,2015,3,Sum_Bakery,703530.22
S0067,2015,3,Sum_General_Merchandise,1748363.96
S0067,2015,3,Total,28697527.75
S0067,2015,3,Address,660 E Los Angeles Ave
S0067,2015,3,City,Simi Valley
S0067,2015,3,State,CA
S0067,2015,3,Zip,93065
S0067,2015,3,Type,Existing
S0068,2015,2,Sum_Dry_Grocery,17116047.01
S0068,2015,2,Sum_Dairy,3885400.46
S0068,2015,2,Sum_Frozen_Food,2943162.25
S0068,2015,2,Sum_Meat,3997440.94
S0068,2015,2,Sum_Produce,4775191.33
S0068,2015,2,Sum_Floral,364386.38
S0068,2015,2,Sum_Deli,1782749.49
S0068,2015,2,Sum_Bakery,1400891.14
S0068,2015,2,Sum_General_Merchandise,2559074.52
S0068,2015,2,Total,38824343.52
S0068,2015,2,Address,1011 N San Fernando Blvd
S0068,2015,2,City,Burbank
S0068,2015,2,State,CA
S0068,2015,2,Zip,91504
S0068,2015,2,Type,Existing
S0069,2015,2,Sum_Dry_Grocery,10171488.28
S0069,2015,2,Sum_Dairy,2610543.88
S0069,2015,2,Sum_Frozen_Food,1909920.49
S0069,2015,2,Sum_Meat,2763957.68
S0069,2015,2,Sum_Produce,3279238.46
S0069,2015,2,Sum_Floral,194733.89
S0069,2015,2,Sum_Deli,1023277.68
S0069,2015,2,Sum_Bakery,914185.360000001
S0069,2015,2,Sum_General_Merchandise,1741950.8
S0069,2015,2,Total,24609296.52
S0069,2015,2,Address,1440 W 25th St
S0069,2015,2,City,San Pedro
S0069,2015,2,State,CA
S0069,2015,2,Zip,90732
S0069,2015,2,Type,Existing
S0070,2015,1,Sum_Dry_Grocery,15551585.46
S0070,2015,1,Sum_Dairy,3449561.43
S0070,2015,1,Sum_Frozen_Food,2718768.77
S0070,2015,1,Sum_Meat,3563208.16
S0070,2015,1,Sum_Produce,4013986.34
S0070,2015,1,Sum_Floral,276776.12
S0070,2015,1,Sum_Deli,1336535.56
S0070,2015,1,Sum_Bakery,825115.8
S0070,2015,1,Sum_General_Merchandise,3634274.01
S0070,2015,1,Total,35369811.65
S0070,2015,1,Address,4550 Atlantic Ave
S0070,2015,1,City,Long Beach
S0070,2015,1,State,CA
S0070,2015,1,Zip,90807
S0070,2015,1,Type,Existing
S0071,2015,1,Sum_Dry_Grocery,13753914.08
S0071,2015,1,Sum_Dairy,3038819.76
S0071,2015,1,Sum_Frozen_Food,2126413.89
S0071,2015,1,Sum_Meat,4160577.09
S0071,2015,1,Sum_Produce,3135443.78000001
S0071,2015,1,Sum_Floral,184240.31
S0071,2015,1,Sum_Deli,1330196.58
S0071,2015,1,Sum_Bakery,665396.47
S0071,2015,1,Sum_General_Merchandise,2552738
S0071,2015,1,Total,30947739.96
S0071,2015,1,Address,1270 E Main St
S0071,2015,1,City,Barstow
S0071,2015,1,State,CA
S0071,2015,1,Zip,92311
S0071,2015,1,Type,Existing
S0072,2015,1,Sum_Dry_Grocery,16735266.3
S0072,2015,1,Sum_Dairy,3531512.75
S0072,2015,1,Sum_Frozen_Food,2411981.19
S0072,2015,1,Sum_Meat,4778935.6
S0072,2015,1,Sum_Produce,4147374.1
S0072,2015,1,Sum_Floral,287682.8
S0072,2015,1,Sum_Deli,1676771.13
S0072,2015,1,Sum_Bakery,692740.56
S0072,2015,1,Sum_General_Merchandise,3797553.88
S0072,2015,1,Total,38059818.31
S0072,2015,1,Address,729 N H St
S0072,2015,1,City,Lompoc
S0072,2015,1,State,CA
S0072,2015,1,Zip,93436
S0072,2015,1,Type,Existing
S0073,2015,2,Sum_Dry_Grocery,15644379.69
S0073,2015,2,Sum_Dairy,3508188.95
S0073,2015,2,Sum_Frozen_Food,2793488.95
S0073,2015,2,Sum_Meat,3782537.58
S0073,2015,2,Sum_Produce,4465628.93
S0073,2015,2,Sum_Floral,311041.81
S0073,2015,2,Sum_Deli,1525076.3
S0073,2015,2,Sum_Bakery,1293299.18
S0073,2015,2,Sum_General_Merchandise,2556073.85
S0073,2015,2,Total,35879715.24
S0073,2015,2,Address,175 N Fairview Ave
S0073,2015,2,City,Goleta
S0073,2015,2,State,CA
S0073,2015,2,Zip,93117
S0073,2015,2,Type,Existing
S0074,2015,3,Sum_Dry_Grocery,9359491.14999999
S0074,2015,3,Sum_Dairy,2112420.38
S0074,2015,3,Sum_Frozen_Food,1619474.25
S0074,2015,3,Sum_Meat,2705702.35
S0074,2015,3,Sum_Produce,1908571.21
S0074,2015,3,Sum_Floral,104311.03
S0074,2015,3,Sum_Deli,766377.12
S0074,2015,3,Sum_Bakery,680005.26
S0074,2015,3,Sum_General_Merchandise,1251862.39
S0074,2015,3,Total,20508215.14
S0074,2015,3,Address,777 S Glendora Ave
S0074,2015,3,City,West Covina
S0074,2015,3,State,CA
S0074,2015,3,Zip,91790
S0074,2015,3,Type,Existing
S0075,2015,3,Sum_Dry_Grocery,13433609.13
S0075,2015,3,Sum_Dairy,3046198.57
S0075,2015,3,Sum_Frozen_Food,2352610.73
S0075,2015,3,Sum_Meat,4961131.18
S0075,2015,3,Sum_Produce,3567736.58
S0075,2015,3,Sum_Floral,142057.19
S0075,2015,3,Sum_Deli,1606817.41
S0075,2015,3,Sum_Bakery,499520.37
S0075,2015,3,Sum_General_Merchandise,1549614.52
S0075,2015,3,Total,31159295.68
S0075,2015,3,Address,870 3rd Ave
S0075,2015,3,City,Chula Vista
S0075,2015,3,State,CA
S0075,2015,3,Zip,91911
S0075,2015,3,Type,Existing
S0076,2015,2,Sum_Dry_Grocery,9919151.26
S0076,2015,2,Sum_Dairy,2240409.57
S0076,2015,2,Sum_Frozen_Food,1852723.94
S0076,2015,2,Sum_Meat,2481944.99
S0076,2015,2,Sum_Produce,2605311.13
S0076,2015,2,Sum_Floral,264552.57
S0076,2015,2,Sum_Deli,941792.04
S0076,2015,2,Sum_Bakery,590258.53
S0076,2015,2,Sum_General_Merchandise,1712977.48
S0076,2015,2,Total,22609121.51
S0076,2015,2,Address,7311 N Figueroa St
S0076,2015,2,City,Los Angeles
S0076,2015,2,State,CA
S0076,2015,2,Zip,90041
S0076,2015,2,Type,Existing
S0077,2015,2,Sum_Dry_Grocery,11830087.05
S0077,2015,2,Sum_Dairy,2777040.86
S0077,2015,2,Sum_Frozen_Food,2205284.96
S0077,2015,2,Sum_Meat,2861789.75
S0077,2015,2,Sum_Produce,3178498.13
S0077,2015,2,Sum_Floral,292412.08
S0077,2015,2,Sum_Deli,1026552.9
S0077,2015,2,Sum_Bakery,1057670.22
S0077,2015,2,Sum_General_Merchandise,1721778.73
S0077,2015,2,Total,26951114.68
S0077,2015,2,Address,163 S Turnpike Rd
S0077,2015,2,City,Goleta
S0077,2015,2,State,CA
S0077,2015,2,Zip,93111
S0077,2015,2,Type,Existing
S0078,2015,2,Sum_Dry_Grocery,7941652.94
S0078,2015,2,Sum_Dairy,2202417.72
S0078,2015,2,Sum_Frozen_Food,1620640.59
S0078,2015,2,Sum_Meat,2058790.78
S0078,2015,2,Sum_Produce,2343553.96
S0078,2015,2,Sum_Floral,132383.08
S0078,2015,2,Sum_Deli,667635.85
S0078,2015,2,Sum_Bakery,463992.82
S0078,2015,2,Sum_General_Merchandise,974476.95
S0078,2015,2,Total,18405544.69
S0078,2015,2,Address,3855 State St
S0078,2015,2,City,Santa Barabra
S0078,2015,2,State,CA
S0078,2015,2,Zip,93105
S0078,2015,2,Type,Existing
S0079,2015,1,Sum_Dry_Grocery,11014708.74
S0079,2015,1,Sum_Dairy,2278637.38
S0079,2015,1,Sum_Frozen_Food,1824305.04
S0079,2015,1,Sum_Meat,2869326.94
S0079,2015,1,Sum_Produce,2349084.45
S0079,2015,1,Sum_Floral,183894.22
S0079,2015,1,Sum_Deli,958828.26
S0079,2015,1,Sum_Bakery,539816.49
S0079,2015,1,Sum_General_Merchandise,1716709.36
S0079,2015,1,Total,23735310.88
S0079,2015,1,Address,3027 Rancho Vista Blvd
S0079,2015,1,City,Palmdale
S0079,2015,1,State,CA
S0079,2015,1,Zip,93551
S0079,2015,1,Type,Existing
S0080,2015,1,Sum_Dry_Grocery,6015457.74
S0080,2015,1,Sum_Dairy,1340208.61
S0080,2015,1,Sum_Frozen_Food,1037446.86
S0080,2015,1,Sum_Meat,1278210.26
S0080,2015,1,Sum_Produce,1042516.44
S0080,2015,1,Sum_Floral,97321.71
S0080,2015,1,Sum_Deli,457539.13
S0080,2015,1,Sum_Bakery,305939.47
S0080,2015,1,Sum_General_Merchandise,1044103.93
S0080,2015,1,Total,12618744.15
S0080,2015,1,Address,29530 Rancho California Rd
S0080,2015,1,City,Temecula
S0080,2015,1,State,CA
S0080,2015,1,Zip,92591
S0080,2015,1,Type,Existing
S0081,2015,2,Sum_Dry_Grocery,6223032.38
S0081,2015,2,Sum_Dairy,1500900.17
S0081,2015,2,Sum_Frozen_Food,1273072.82
S0081,2015,2,Sum_Meat,1815579.88
S0081,2015,2,Sum_Produce,1715208.66
S0081,2015,2,Sum_Floral,124602.84
S0081,2015,2,Sum_Deli,572727.66
S0081,2015,2,Sum_Bakery,631365.19
S0081,2015,2,Sum_General_Merchandise,845442.23
S0081,2015,2,Total,14701931.83
S0081,2015,2,Address,24325 Crenshaw Blvd
S0081,2015,2,City,Torrance
S0081,2015,2,State,CA
S0081,2015,2,Zip,90503
S0081,2015,2,Type,Existing
S0082,2015,3,Sum_Dry_Grocery,16101048.58
S0082,2015,3,Sum_Dairy,3519202.13
S0082,2015,3,Sum_Frozen_Food,2629629.54
S0082,2015,3,Sum_Meat,3968025.49
S0082,2015,3,Sum_Produce,3544714.74
S0082,2015,3,Sum_Floral,184041.21
S0082,2015,3,Sum_Deli,1685799.63
S0082,2015,3,Sum_Bakery,1229853.62
S0082,2015,3,Sum_General_Merchandise,2064418.11
S0082,2015,3,Total,34926733.05
S0082,2015,3,Address,42170 Big Bear Blvd
S0082,2015,3,City,Big Bear Lake
S0082,2015,3,State,CA
S0082,2015,3,Zip,92315
S0082,2015,3,Type,Existing
S0083,2015,2,Sum_Dry_Grocery,8510839.61
S0083,2015,2,Sum_Dairy,2068732.16
S0083,2015,2,Sum_Frozen_Food,1592307.43
S0083,2015,2,Sum_Meat,2080217.16
S0083,2015,2,Sum_Produce,2231752.09
S0083,2015,2,Sum_Floral,134863.43
S0083,2015,2,Sum_Deli,605897.73
S0083,2015,2,Sum_Bakery,478990.25
S0083,2015,2,Sum_General_Merchandise,1299214.29
S0083,2015,2,Total,19002814.15
S0083,2015,2,Address,130 W Foothill Blvd
S0083,2015,2,City,Monrovia
S0083,2015,2,State,CA
S0083,2015,2,Zip,91016
S0083,2015,2,Type,Existing
S0084,2015,3,Sum_Dry_Grocery,9921287.97999999
S0084,2015,3,Sum_Dairy,2292092.92
S0084,2015,3,Sum_Frozen_Food,2034849.42
S0084,2015,3,Sum_Meat,2283307.78
S0084,2015,3,Sum_Produce,2173133.49
S0084,2015,3,Sum_Floral,137454.97
S0084,2015,3,Sum_Deli,865370.47
S0084,2015,3,Sum_Bakery,476737.31
S0084,2015,3,Sum_General_Merchandise,1369446.7
S0084,2015,3,Total,21553681.04
S0084,2015,3,Address,5500 Woodruff Ave
S0084,2015,3,City,Lakewood
S0084,2015,3,State,CA
S0084,2015,3,Zip,90713
S0084,2015,3,Type,Existing
S0085,2015,2,Sum_Dry_Grocery,9143517.2
S0085,2015,2,Sum_Dairy,2426042.21
S0085,2015,2,Sum_Frozen_Food,1621992.03
S0085,2015,2,Sum_Meat,2483554.6
S0085,2015,2,Sum_Produce,2699498.21
S0085,2015,2,Sum_Floral,229219.47
S0085,2015,2,Sum_Deli,674595.12
S0085,2015,2,Sum_Bakery,796420
S0085,2015,2,Sum_General_Merchandise,1477864.8
S0085,2015,2,Total,21552703.64
S0085,2015,2,Address,561 N Glendale Ave
S0085,2015,2,City,Glendale
S0085,2015,2,State,CA
S0085,2015,2,Zip,91206
S0085,2015,2,Type,Existing
